first_name,last_name,phone
Celestina,Abbitt,668-806-3575
Gibbie,Abbott,339-584-8732
Rozalie,Aberkirder,559-469-0709
Andras,Abriani,982-259-1547
Winne,Acum,227-879-6152
Aaron,Adicot,644-599-1931
Leland,Affuso,297-366-2965
Concordia,Agerskow,412-927-1189
Dion,Akast,281-342-3078
Jeno,Albany,829-239-5300
Conni,Alders,518-633-8195
Tonye,Aldersey,510-243-5563
Charlotte,Aldington,861-402-0842
Joanna,Aleavy,990-450-3114
Faye,Aleksidze,415-275-0090
Arron,Algeo,308-171-7362
Leeland,Alvarez,751-387-1419
Hartwell,Amsberger,941-992-2855
Dolley,Andreix,958-344-5448
Marietta,Ansett,941-521-5158
Lorens,Anstie,781-208-4849
Bevon,Antonazzi,182-673-8027
Wildon,Antonutti,775-478-5492
Kristo,Arias,756-447-6582
Auguste,Arnald,532-438-8722
Sonnie,Arnott,326-724-3674
Silvana,Arnout,273-482-2407
Emlynn,Arnull,454-565-7594
Mirilla,Artrick,644-979-8084
Adora,Ashbolt,643-317-9374
Feodor,Ashbrook,256-193-9762
Ansel,Askem,996-719-9731
Dareen,Aslen,112-588-7113
Marcel,Aspy,787-452-0177
Gaspar,Atkin,628-794-5946
Winne,Attril,717-316-5258
Codee,Attwooll,759-706-8198
Janis,Aubrun,527-242-8541
Reba,Aubrun,321-204-9770
Ingeberg,Babbage,654-188-1281
Fabio,Baccus,974-341-8946
Allsun,Badby,819-619-7832
Mathew,Baddow,664-421-2189
Clementia,Badsey,512-375-4671
Jen,Bagnal,475-897-5600
Ezmeralda,Bagworth,435-970-6117
Quentin,Baitman,815-694-8330
Ruthi,Balas,190-528-0448
Gerhard,Balentyne,689-611-1484
Archibold,Baniard,583-934-7342
Philippe,Barfford,448-957-3273
Claybourne,Barstowk,433-307-1887
Virgie,Bartel,282-123-0048
Rolf,Bartholomaus,659-370-6241
Northrup,Bartosinski,609-747-7759
Oswell,Basill,946-656-6466
Dur,Bassam,739-713-2736
Trixi,Bassam,963-597-0364
Joanne,Becke,573-643-1715
Lindsay,Bedinn,533-976-2976
Isidoro,Beeken,904-926-7093
Prentiss,Beevers,600-663-1697
Yehudi,Begg,666-613-8279
Silas,Behnecken,244-786-1294
Florie,Belcher,603-662-6357
Lennard,Bellamy,888-159-9224
Callean,Bellino,656-708-1065
Sallyanne,Benjafield,260-878-0515
Yuma,Bennetts,427-109-7854
Batholomew,Bentham3,195-895-9802
Leigh,Benyan,569-917-3239
Cilka,Bergen,591-606-9757
Antonie,Bergstrand,302-567-5613
Fowler,Beric,768-537-1741
Xena,Bernardoni,106-199-1063
Brod,Bernolet,724-740-1977
Sinclair,Bernt,295-199-3244
Yard,Berthomieu,243-861-7730
Gabie,Bexon,227-996-3203
Shaun,Bice,629-338-9685
Anjanette,Bickerdike,721-985-5001
Cornelle,Biever,293-709-3312
Stella,Bilbrooke,534-482-1619
Elston,Bilfoot,403-898-3264
Demetrius,Birkmyre,623-801-3517
Zsa zsa,Blabey,868-868-4285
Bradly,Blackhall,587-641-4571
Amber,Blaisdell,792-986-9656
Layla,Blakesley,678-542-9795
Danna,Blaney,422-216-7208
Minnaminnie,Blezard,539-903-2792
Lotty,Blinkhorn,219-502-9318
Jayson,Bloodworthe,712-282-1940
Minda,Blundon,675-633-1569
Inigo,Blune,179-774-9465
Mariann,Bluschke,513-404-6847
Godart,Boffey,336-754-7753
Salvatore,Bohlin,431-929-9135
Vaclav,Bolden,740-439-3067
Taddeo,Bolley,476-285-7249
Teressa,Bolliver,662-525-0224
Dominique,Bondy,341-170-2894
Shermy,Bonhomme,151-145-7486
Estella,Borres,610-685-6694
Tad,Borrowman,595-244-7745
Alfi,Bortoloni,952-761-1583
Jerrylee,Boundy,210-584-8004
Jilli,Bourgour,607-104-8142
Jackie,Boyan,955-390-3046
Jennette,Boyan,389-698-1122
Merline,Brabben,226-785-7554
Coriss,Bradtke,989-793-2272
Martina,Brandenburg,566-251-8344
Finley,Brando,890-150-8448
Kori,Brattan,288-743-7316
Livvy,Braunds,744-665-0765
Hurley,Brearty,897-570-6680
Benson,Brigden,787-283-8087
Aldus,Brimblecomb,726-696-3287
Starlin,Briton,187-619-6812
Mercy,Broadbear,325-595-9527
Sigismondo,Broader,450-788-2416
Annetta,Brolechan,218-642-6918
Annabella,Bromby,201-877-5499
Larry,Brookshaw,325-335-8746
Kiri,Broomer,370-646-3522
Penelope,Brough,682-990-7548
Jose,Brussels,502-287-4642
Dmitri,Bryde,358-204-6849
Emmott,Buffham,519-346-9213
Bentlee,Bullene,270-692-9618
Barn,Buncombe,591-294-6100
Hildagarde,Burds,125-702-1810
Corry,Burnsyde,415-970-8515
Chloris,Burr,179-496-3787
Darin,Byrkmyr,476-222-5529
Teddie,Bysh,102-471-1918
Elyn,Cadogan,270-385-3946
Mortie,Cahalan,872-510-6303
Marinna,Cahill,110-213-4874
Burl,Cale,655-519-1445
Victoir,Calendar,602-938-7329
Timothea,Callender,890-717-0721
Tam,Campling,734-647-3967
Lusa,Canacott,536-686-6720
Lazarus,Cannop,695-892-3781
Sydelle,Cantrell,449-825-0616
Phaidra,Cantrill,255-881-2867
Christophorus,Carabine,217-726-8199
Eda,Care,666-671-7656
Jens,Carloni,508-973-7013
Kerri,Carmody,480-972-9334
Nadean,Carter,910-845-7542
Donavon,Casale,532-729-4000
Deana,Cassels,215-957-1157
Glynis,Castagna,657-505-3913
Inigo,Castangia,116-342-4676
Nicolais,Castro,638-861-3048
Alphard,Cattonnet,945-801-5354
Porty,Cauley,329-520-7097
Berenice,Cawsby,671-269-2698
Jeanne,Celes,901-311-9545
Sallie,Cervantes,333-937-2754
Cammy,Chafney,536-943-9731
Fania,Chanter,410-395-4642
Raquel,Charity,601-640-2723
Rhodia,Chatelot,238-672-9203
Tabatha,Chatenier,609-116-2689
Zak,Chattell,956-461-6865
Cicely,Cheales,676-430-7807
Maisie,Cheltnam,820-709-0738
Elwyn,Cherrett,896-693-9167
Marianna,Cherry Holme,887-591-2774
Belita,Chesterton,895-565-1925
Danella,Christofides,487-787-7405
Filia,Clark,658-538-6358
Zachary,Clayfield,816-369-9480
Wadsworth,Claypool,408-291-6130
Barnard,Clemens,850-479-8774
Rosabella,Clement,743-703-1895
Shaw,Cloughton,643-449-9376
Eran,Clynmans,754-803-1562
Sanford,Cockshoot,970-501-8425
Rebeca,Codeman,958-636-9161
Florri,Collings,427-896-9902
Ruthi,Colquhoun,468-455-1068
Rudolph,Comini,243-719-2453
Buiron,Conechie,273-802-8660
Dyan,Connechie,975-944-5825
Wake,Connell,816-781-8575
Corabel,Coper,511-451-4106
Benedick,Copner,866-971-2582
Kally,Copo,900-301-6500
Law,Corck,169-208-0262
Fraser,Cordingly,890-130-7720
Ania,Corneljes,336-703-6687
Barbey,Cornely,180-972-0809
Ddene,Cosham,758-275-4417
Edwina,Costin,556-818-3487
Mordy,Costy,947-319-9050
Bat,Couldwell,515-189-7901
Lynde,Coulton,782-471-0548
Delcina,Cowely,823-744-7227
Roddie,Creighton,235-481-4648
Hilda,Crich,952-393-8509
Gardie,Crippell,159-855-8178
Carmelita,Cristofalo,213-915-8240
Loella,Cristofol,897-670-7183
Toma,Critoph,880-521-6134
Brunhilda,Croisier,186-390-1699
Fidela,Cropp,922-900-9703
Benedetto,Curle,785-476-4159
Hermy,Currell,168-203-3806
Dalia,D'Antuoni,354-143-0903
Mersey,Dabnor,452-714-6274
Pearle,Daglish,989-568-9652
Livia,Daintry,304-338-2444
Linnea,Dalgety,640-968-9819
Morton,Dallander,338-818-2900
Sherwynd,Danbye,521-754-1143
Court,Daoust,717-460-4575
Kitty,Dargie,131-728-2444
Hymie,Darnborough,380-243-1557
Jamey,Darrach,808-373-8567
Ann,Daveren,648-543-9263
Margaux,Davids,488-404-6107
Abbie,Dawber,206-494-9530
Jessamine,De Ambrosi,762-761-6833
Ferdy,De Ath,333-998-0473
Helenka,De Dei,586-611-3368
Perri,De Ruel,989-164-4570
Francois,Deal,848-281-2181
Huey,Deeman,419-128-4867
Aloysia,Deery,867-877-8485
Erik,Defew,538-866-3408
Meier,Degnen,462-110-6911
Fredi,Del Castello,731-390-7469
Wilton,Deller,324-446-1898
Edith,Demanche,408-607-4107
Lanie,Dennerly,526-637-3310
Martguerita,Dennitts,376-527-1103
Ibbie,Dentith,335-779-2077
Josias,Desouza,748-700-7051
Hatty,Deverell,149-324-9027
Woodie,Di Giacomo,876-392-6783
Dilan,Di Nisco,422-810-0068
Shannen,Dibling,145-120-9915
Rudy,Diboll,969-586-8598
Waite,Dibsdale,251-641-0584
Nada,Dilger,280-562-8903
Camille,Dimitrov,263-212-7522
Sofia,Dixcey,897-957-5713
Sophronia,Doak,258-169-5956
Saundra,Dobeson,673-613-3811
Luciana,Dockwra,202-771-4002
Maury,Dollen,263-158-9770
Elonore,Domanek,455-398-3475
Bernetta,Domnin,584-928-4128
Erik,Donhardt,771-349-9594
Annemarie,Doog,773-494-1183
Gifford,Dooher,890-797-9034
Orson,Doonican,868-313-7741
Cesare,Doreward,468-584-8281
Nicolette,Doubrava,625-818-7373
Darwin,Douty,961-540-9142
Ignace,Dovidaitis,765-269-4604
Brina,Dowderswell,173-609-1387
Ki,Dowderswell,822-171-9422
Euphemia,Dowse,799-972-5073
Bradley,Draye,224-615-6032
Bartel,Drivers,411-256-8025
Abrahan,Drogan,731-732-5923
Delila,Drover,418-183-2074
Aili,Duer,261-731-5504
Roderich,Dufton,751-281-9540
Cathie,Duggan,445-134-8264
Winnifred,Duham,402-940-4677
Kimball,Dullard,349-850-6045
Felicio,Dummett,132-497-6261
Benjy,Dunstan,897-241-5497
Loren,Dunston,531-847-3453
Fabe,Durbyn,871-936-9788
Kingsly,Durtnal,532-332-1644
Burton,Durtnell,124-963-0442
Tiler,Dybald,584-209-3278
Gardy,Dybbe,799-229-7725
Aurie,Dyment,615-338-6639
Dawna,Eacle,215-340-3356
Minnaminnie,Eades,116-748-2454
My,Eadie,778-199-8953
Ave,Eake,902-957-2098
Germaine,Earie,263-632-7030
Jessamine,Ebbing,519-469-1245
Stoddard,Edgecombe,614-167-2950
Nevsa,Elbourn,393-849-9765
Olga,Elleray,876-526-0113
Temple,Elster,315-680-1709
Tadd,Enders,352-543-5120
Bryant,Enever,513-682-6947
Tierney,Engall,465-446-4415
Erna,Epsly,994-702-3768
Cyndia,Erwin,176-639-9299
Rolfe,Esel,868-361-3033
Connie,Este,267-368-7947
Madelin,Evenden,776-689-4674
Julita,Evenett,290-448-9306
Amerigo,Everest,600-114-3139
Wilek,Everiss,828-417-5478
Osborn,Everist,943-714-5624
Kerianne,Evetts,703-928-5603
Karlie,Exter,959-943-9566
Jameson,Eyles,133-853-7084
Mame,Eyles,839-394-3982
Janot,Faichnie,338-360-9175
Dorie,Fairlam,506-457-3747
Isa,Fairpool,210-297-6442
Emlynn,Faltskog,827-419-1305
Thom,Fardy,255-639-7657
Malcolm,Faro,927-836-2660
Marillin,Fawson,915-589-3548
Sarette,Feeney,483-492-7457
Virge,Feirn,904-375-5942
Winston,Fellgett,187-282-8064
Markus,Fellon,555-575-8118
Callie,Ferrero,665-288-9505
Guendolen,Ferris,777-539-0517
Lark,Fever,521-445-4723
Lanni,Feye,808-111-0475
Terra,Fidgett,218-123-0933
Viola,Flemyng,457-948-4935
Emiline,Foad,854-874-2398
Theressa,Folbig,891-900-5469
Tully,Folbige,608-983-8656
Quincy,Forten,882-444-3642
Leia,Fosken,201-475-9375
North,Foucar,687-579-3051
Cassie,Freeman,546-574-2818
Vere,Friary,767-686-0924
Corly,Fricke,810-705-8225
Rhys,Fudger,339-969-4680
Dorian,Fulcher,629-941-8229
Denys,Full,756-517-5050
Thor,Fullerlove,928-458-4152
Misha,Gaines,235-844-8062
Nicoli,Gallie,205-352-9153
Rolf,Gamil,537-312-3439
Sheelagh,Gamlin,431-287-0367
Amelina,Garrat,932-643-9163
Winnie,Garretson,132-796-8674
Alyson,Gaskoin,497-232-8556
Hildagard,Gay,967-115-3876
Bartolemo,Geelan,324-550-4157
Jemie,Geeraert,873-223-1497
Errick,Geffinger,734-146-7404
Ardis,Genner,745-638-4808
Kaitlin,Gerald,850-910-1085
Lemar,Gherardelli,843-171-0939
Patty,Giddins,527-667-8679
Stella,Gilardone,563-450-1496
Gilda,Gilstoun,784-494-5975
Robyn,Giron,634-659-3717
Joseph,Godlip,667-812-0047
Raychel,Godsell,658-323-3016
Alis,Godspeede,463-759-0616
Eberto,Gohier,673-107-3894
Reynard,Gollop,970-557-6136
Ailee,Golston,229-808-1939
Fields,Gonzalez,571-922-4134
Maisey,Goodbarr,332-228-8214
Lemuel,Gooding,464-568-8483
Merilyn,Gooding,417-761-4864
Rudyard,Gores,533-219-4645
Janelle,Gorgl,396-954-0869
Cele,Gorries,395-163-3397
Sarina,Gorusso,451-254-2397
Lanna,Gosnoll,113-481-7038
Pip,Gostyke,814-341-6645
Feliks,Gouinlock,147-613-5249
Adrienne,Goulbourne,750-760-1002
Karlie,Gounel,904-574-6084
Wakefield,Govier,641-732-4481
Daune,Gravie,609-364-5674
Allin,Grayshon,160-801-3525
Caterina,Gredden,715-204-5066
Dyane,Greenshields,916-262-5322
Abey,Greep,793-256-3181
Killy,Gridon,321-703-3169
Smith,Grim,381-422-4595
Cordie,Grimmer,231-312-4540
Giovanni,Grolle,356-904-0617
Baillie,Guerreru,509-568-9281
Coraline,Gunter,701-333-5767
Jaynell,Guswell,247-101-1634
Ellynn,Gwyn,509-724-8811
Jannel,Gyppes,241-141-7188
Reamonn,Habbershon,484-359-5078
Marje,Habbon,471-138-5395
Edi,Haberfield,162-452-1344
Rhys,Haddleston,803-702-1949
Jami,Haggie,220-603-2930
Dorri,Haigh,915-575-0978
Vittorio,Haill,588-788-0832
Bevon,Hairsnape,835-308-0819
Fina,Halksworth,589-384-2438
Cindi,Hallgate,102-832-5642
Heinrik,Hallifax,901-939-7463
Killie,Halpeine,252-882-9322
Eduard,Hampe,840-399-9159
Becca,Handsheart,742-353-6725
Bard,Hannabus,589-808-3360
Sonya,Hariot,119-755-9434
Marie-ann,Harmar,972-450-1462
Carola,Harmston,350-214-7073
Chelsea,Harmston,833-535-9797
Patti,Harroll,371-842-6538
Delmore,Harwood,601-536-5113
Flora,Hasely,401-182-6150
Aymer,Haspineall,703-350-0692
Yuma,Haukey,267-298-6828
Ricard,Hayford,610-188-0266
Crista,Hazell,446-416-4483
Duffy,Hazeltine,827-240-5586
Patrizio,Hazeltine,675-791-6013
Lory,Heaysman,166-519-4980
Cristi,Hebditch,809-799-1285
Wyatan,Hefford,928-581-9247
Jarrod,Heighton,311-607-5854
Emmie,Heinert,285-619-2482
Danya,Heiss,429-762-3369
Elane,Hendriksen,751-389-5560
Shirlee,Henlon,880-148-0825
Neville,Hevey,569-615-5076
Marmaduke,Hewins,460-206-0365
Duky,Hexum,345-713-4607
Rochelle,Heyfield,527-177-2582
Jakie,Hinzer,291-236-0559
Padget,Hoggetts,163-636-5640
Chrisse,Holley,143-999-1104
Brent,Hordle,790-946-0845
Salomi,Hornbuckle,480-236-8993
Claudell,Howselee,550-991-8128
Riley,Hubbock,690-427-9821
Mia,Hulmes,836-131-6975
Emlynn,Hurdman,747-759-4644
Delphine,Hurndall,195-139-8548
Francene,Hyams,581-901-1852
Danya,Hyde-Chambers,322-584-0632
Jenna,Iashvili,798-434-7638
Flin,Iggulden,692-351-1960
Barclay,Iiannoni,793-681-9954
Idell,Ilchuk,537-941-5940
Melinda,Inott,218-691-3127
Michal,Iohananof,151-276-8888
Odelinda,Isaacson,258-951-5886
Aleece,Isaq,988-774-4797
Vivianne,Issac,518-621-6628
Talbert,Itzcak,323-259-8511
Beverly,Itzkovitch,983-249-5638
Christiano,Ivakhin,916-828-8590
Syman,Ivanishchev,251-661-4230
Mahmud,Ivanyushin,366-490-6477
Gray,Ive,268-534-5963
Gauthier,Jackways,634-159-1029
Jonas,Jansey,121-990-1275
Karissa,Jarrard,367-914-4874
Brion,Jehu,533-837-2632
Tessa,Jerg,853-318-6336
Adair,Jerrams,457-780-2393
Betsy,Jewett,722-318-5979
Maxi,Josefowicz,761-316-4397
Biddie,Joselevitz,511-780-6905
Lionello,Juschka,217-640-1187
Carling,Juszczyk,597-713-3835
Candy,Kahn,657-219-2617
Kristo,Kamien,843-977-5274
Vinny,Karsh,518-537-7573
Debby,Keay,972-436-0952
Vance,Keighly,872-383-6716
Mair,Kelston,276-189-4477
Effie,Kennelly,608-450-1654
Chickie,Kennicott,905-519-4896
Ariel,Kennon,983-869-9697
Meris,Kenson,602-952-6627
Ewen,Keppe,803-552-9319
Saudra,Keppel,316-597-8860
Raoul,Kerrich,512-301-8169
Ber,Kerwin,337-252-4687
Lizzy,Keyser,193-181-2835
Charla,Kibble,243-793-0789
Deedee,Kike,893-946-0179
Shana,Killwick,120-403-9248
Zackariah,Kingscott,192-648-3232
Karoly,Kingswold,813-161-8374
Annelise,Kingwell,433-113-3057
Georgiana,Kippin,712-137-0632
Allie,Kirkhouse,215-544-4693
Cayla,Kix,829-981-1394
Brandais,Klejin,340-990-0259
Dawn,Kless,203-710-0173
Evie,Klimkov,295-727-2683
Cameron,Klimschak,281-638-9953
Amil,Konneke,835-750-1685
Connie,Kores,353-882-2435
Wilmar,Korneluk,326-267-6696
Pippo,Kovelmann,235-628-2818
Ole,Kubczak,556-248-6380
Rivalee,Kunkler,924-669-2859
Kaja,Kunzler,876-673-6421
Pennie,Kupker,930-863-7324
Steffie,Kynnd,826-542-0391
Amabel,Kynsey,845-937-9262
Nan,Lademann,779-360-3780
Vivi,Lahrs,306-301-4518
Ernaline,Lamberth,181-302-0076
Gerick,Lambotin,537-787-7578
Veronike,Lambrick,696-946-1739
Siana,Lamburn,622-407-8774
Justino,Lammiman,869-316-1096
Simmonds,Lampert,614-520-1734
Morris,Lamswood,579-594-4322
Lyda,Lanaway,162-349-9618
Rozanna,Lancetter,311-947-6719
Ewart,Landreth,986-314-7671
Rand,Laneham,818-995-0172
Violante,Langlais,173-376-4151
Monte,Langmuir,648-133-6827
Trix,Larive,377-811-9951
Northrup,Larkin,557-203-1094
Base,Latour,557-620-6482
Laurel,Lauridsen,639-861-9444
Nap,Le Grove,938-292-5683
Michal,Le Guin,666-870-4808
Eugenius,Le Lievre,682-274-5290
Galvan,Le Sarr,976-821-3041
Marylou,Le Teve,797-124-6050
Corette,Leahey,755-970-1009
Mellicent,Leatham,887-248-1054
Aurie,Leathlay,792-945-0306
Gabriel,Ledekker,547-189-4143
Charo,Ledes,306-346-5023
Adamo,Ledram,671-745-6478
Marni,Leese,220-980-8148
Jesse,Levensky,747-204-1465
Vidovik,Lewsey,729-740-5231
Rutter,Liddington,600-523-7442
Sigismond,Liger,712-742-0325
Huberto,Limbert,234-457-6874
Bel,Lindholm,330-648-0582
Hale,Lis,195-839-3355
Ilyssa,Lissaman,517-913-1044
Levi,Livezey,450-974-8423
Winona,Livoir,270-656-5224
Lyndell,Lockley,349-938-1794
Hanson,Longdon,717-303-4072
Juliette,Lorand,323-530-0518
Brandais,Lorenzini,149-955-8383
Tuck,Lorenzo,675-692-1378
Loria,Louder,518-213-8175
Ravi,Lowde,583-665-6596
Holly,Lowman,543-591-2786
Kendal,Luckings,110-986-2369
Tuesday,Ludman,954-673-0757
Ruprecht,Luesley,161-455-2562
Sanson,Lujan,204-253-3915
Emanuele,Lukasen,205-939-8204
Maighdiln,Luxton,744-775-6018
Dillie,MacAleese,197-449-5561
Barbra,MacAlister,282-351-4250
Alaine,MacAlroy,419-758-3302
Josephine,MacAne,710-280-9270
Leonardo,MacGillivrie,244-695-3047
Demetri,MacInerney,950-894-7855
Fransisco,MacMurray,666-894-4421
Arman,MacNaughton,140-877-6253
Deeanne,MacPaike,196-123-0045
Elyse,Mackelworth,323-633-3883
Flynn,Macrow,975-101-5207
Bondy,Maddrah,968-731-5367
Bobbie,Madgwich,299-828-3979
Tabitha,Maggiore,784-567-2491
Theodosia,Mahmood,506-985-8602
Piotr,Maidment,587-503-2454
Fabio,Main,922-946-4204
Trefor,Maleney,573-704-5543
Jacquelynn,Males,805-388-9917
Hetti,Mallam,979-459-1623
Allistir,Manley,508-238-1578
Mac,Mantle,198-638-2584
Portie,Mapplebeck,721-496-6196
Karel,Marikhin,625-828-6095
Nanete,Marke,331-675-1115
Lane,Martinson,360-245-3180
Ulises,Maso,540-655-5097
Pierce,Matas,541-109-2413
Yves,Mathet,608-558-9790
Danika,Mathouse,583-813-1982
Giselbert,Matteini,939-626-9870
Trstram,Mattek,228-724-6621
Selby,Mattityahou,375-124-5811
Oralle,Mattusevich,593-850-7186
Joey,Matuszkiewicz,419-622-0790
Dalt,Matzel,591-308-0677
Robert,Mauchlen,468-733-3065
Dulcine,McAllen,616-398-5397
Johnette,McAmish,782-691-3271
Charo,McArley,666-714-8309
Aleen,McCathie,148-794-4146
Deidre,McCreagh,375-324-0760
Laverna,McCumesky,917-294-2153
Edee,McCurtain,192-701-4663
Suki,McDaid,170-313-5615
Stafani,McEllen,388-534-3995
Rosabel,McFarlane,430-470-7878
Ax,McGilvra,351-382-9692
Javier,McGrann,236-861-3284
Kearney,McGreay,606-336-0974
Lorenzo,McGriele,976-464-4859
Nadine,McGrirl,731-115-8506
Lari,McGroarty,300-947-0338
Karolina,McKeating,808-817-8959
Gavrielle,McKeveney,421-752-8499
Israel,McKeveney,265-624-3303
Lyndy,McKiernan,136-863-9666
Karol,McKimm,580-559-2591
Dyanna,McKinlay,352-141-1210
Freda,McKinley,962-911-0943
Guillema,McPhelimy,393-718-1577
Sinclair,McSwan,232-666-6316
Caresse,Meaker,272-769-1619
Edgard,Measom,507-229-2495
Ravi,Medway,585-961-9247
Katha,Meese,717-191-7494
Victoria,Meier,532-747-6863
Susette,Meighan,371-332-6700
Umberto,Meineck,146-245-6324
Lorry,Melloy,838-912-3848
Harlene,Melville,712-486-9516
Joela,Meneghi,930-874-0062
Dalt,Menico,381-778-8823
Olga,Mercik,551-417-2155
Penn,Merwe,187-700-3457
Shermie,Methingam,466-262-1903
Alastair,Mewha,720-878-8089
Georgette,Micka,587-791-2996
Abbey,Millgate,101-789-9777
Kinnie,Mitrikhin,527-553-9914
Rozelle,Mordacai,645-469-2183
Maris,Morillas,821-620-0295
Lucina,Moring,280-265-3080
Timmy,Morling,723-843-3054
Thurstan,Morrall,988-235-4095
Seana,Moscone,264-421-3591
Beatriz,Motion,435-839-1700
Liv,Mouland,559-599-8798
Kingsley,Mowsdale,384-930-7657
Gloria,Moyle,941-633-3830
Fanchon,Moyser,497-436-4935
Kevin,Muldowney,587-149-3811
Kaja,Mulvagh,916-261-6396
Barrie,Mulvey,181-436-4038
Caressa,Munford,240-516-4037
Magdalena,Murfin,884-783-6284
Lelah,Murr,377-120-2229
Augusto,Murrow,566-650-9828
Ferris,Musprat,667-699-2229
Maria,Myrie,443-720-2156
Rebbecca,Nail,875-582-2980
Flinn,Naisby,541-617-5936
Dannie,Nand,113-854-2748
Tabitha,Nanetti,974-633-3951
Matilde,Neillans,801-537-4551
Maureen,Newbery,602-174-6947
Lolita,Newman,310-628-6430
Kiley,Niccols,297-380-6790
Torey,Nicholson,841-843-7667
Laureen,Nicol,958-171-9169
Virgie,Norcott,123-242-4721
Morty,Northcliffe,388-715-9258
Ricard,Noseworthy,830-937-0675
Claresta,Notton,886-742-5286
Odella,Nulty,590-968-8169
Gibbie,Nurny,284-954-4044
Fabian,Nuton,927-661-7749
Thomasa,O' Finan,889-114-6789
Paige,O'Caine,815-420-2072
Della,O'Currigan,866-704-1600
Fredra,O'Duane,217-457-2941
Celle,O'Farris,972-851-5034
Brianne,O'Flannery,524-263-7927
Angelika,O'Halloran,655-276-7008
Reuven,O'Hederscoll,493-151-4031
Elizabet,O'Henecan,260-471-7669
Lolita,O'Mullally,799-590-0696
Wendeline,Odgers,257-711-1643
Cornelle,Olexa,256-924-2822
Rhett,Olivi,375-640-5211
Jules,Oseland,727-474-6170
Annie,Ottee,672-758-4855
Renie,Oxtaby,369-525-2299
Rogers,Pagan,217-885-4036
Denna,Parell,466-381-3746
Bella,Pargeter,852-644-3152
Gil,Parmer,239-598-4572
Doretta,Parrin,566-362-1613
Henrietta,Parsonson,704-569-5653
Patsy,Pasquale,403-478-6996
Chrissie,Pass,368-809-7599
Monika,Pauling,227-114-1115
Janaya,Pauncefort,389-776-8336
Pat,Pavlishchev,165-884-4955
Kimberley,Paydon,498-132-8555
Dinnie,Paz,387-941-3580
Darline,Peacey,151-503-2480
Cece,Pearse,184-645-1313
Alethea,Pearson,859-244-9319
Marten,Pedroni,882-640-8081
Gery,Pembery,202-828-1732
Maure,Pembridge,286-975-4980
Hunfredo,Pendlenton,127-181-8675
Parsifal,Pengelley,946-625-1084
Farris,Penk,347-356-0784
Brock,Pennycock,866-618-2778
Brantley,Perkis,520-273-3187
Austen,Perl,481-585-6654
Guido,Pes,116-167-2726
Pepe,Pescott,153-399-4500
Clint,Peterken,144-928-1840
Wyatt,Pethick,779-749-4189
Rickard,Petigrew,308-185-6706
Lenette,Petkens,220-601-7074
Pammy,Petracchi,995-774-6988
Micheline,Petrulis,338-208-7195
Findlay,Petrushka,369-236-4836
Hal,Petschel,786-156-4695
Jaye,Pettican,551-917-4248
Talbot,Peyntue,666-624-8654
Fiann,Philips,179-763-3722
Florry,Pickett,789-626-5838
Jasper,Pideon,989-265-1888
Estel,Piele,845-619-9624
Jacqueline,Piesing,461-730-8226
Perle,Pieterick,188-692-1681
Dud,Pigeram,203-671-9648
Fianna,Piotr,111-598-4763
Zolly,Pitcaithly,782-245-4086
Thibaud,Pladen,306-924-5175
Zulema,Plewes,740-282-5466
Brett,Po,367-917-1891
Rakel,Pockett,357-335-3596
Von,Podbury,128-874-2134
Lon,Postles,841-770-3845
Florida,Pottle,239-565-5110
Joyce,Poulney,806-609-3294
Allistir,Poulsum,132-850-1902
Archaimbaud,Powdrell,413-909-1618
Mortie,Prestland,831-111-9756
Daryle,Prevett,663-775-5427
Mignonne,Pringle,193-432-2087
Baily,Probbin,673-915-4769
Helga,Purdey,899-721-3197
Gwyn,Pury,617-980-4684
Giraud,Pybus,906-569-4181
Theo,Quade,198-486-8401
Eleonora,Quaife,983-997-4285
Israel,Quantrill,452-401-4509
Deloris,Quarrie,514-599-3454
Dion,Quigg,122-961-8541
Rutledge,Radcliffe,870-779-0476
Patric,Radley,631-212-1047
Trina,Radmore,591-190-5999
Danika,Raithbie,155-977-1459
Adams,Rawlyns,495-378-6404
Mel,Razoux,361-237-3663
Amanda,Redmire,158-618-0219
Ricky,Reidshaw,588-518-9972
Siegfried,Render,634-160-4799
Janela,Rennard,480-489-1074
Lance,Reside,496-975-0449
Faythe,Ricardo,446-553-4056
Chadd,Richmond,313-898-5077
Carmelia,Rickcord,879-830-8019
Malory,Ridde,409-282-7977
Josie,Riddiough,127-291-8439
Rosamond,Rider,585-759-8056
Sollie,Ridpath,322-717-7588
Lilian,Ridwood,473-114-7638
Bathsheba,Rief,451-565-9532
Christa,Riste,807-645-1777
Osbourn,Robichon,106-225-6389
Dew,Robroe,580-248-3974
Conrade,Rodge,358-587-1221
Lyn,Romushkin,591-531-7372
Blancha,Ronisch,207-231-2344
Waldon,Roobottom,693-741-0372
Jackquelin,Roscrigg,319-332-1838
Juline,Roselli,194-667-1695
Marjie,Rosenblatt,700-911-5099
Brietta,Rosenstiel,539-179-7622
Chandra,Rossetti,419-628-6655
Alexei,Rosson,719-109-8337
Cchaddie,Rutley,880-409-7432
Nehemiah,Sabberton,757-524-3873
Lay,Sabbin,243-669-6930
Sal,Sabine,513-958-1147
Fraze,Samett,849-984-7714
Buiron,Samwayes,380-107-6310
Wat,Samwyse,102-321-1866
Derby,Sansun,939-827-3625
Osborne,Santarelli,827-260-2259
Ofella,Sanzio,273-559-9681
Consalve,Sapsed,209-335-4522
Mirelle,Sarton,133-784-8961
Garey,Saunderson,357-793-3411
Camila,Sautter,239-383-6962
Tonnie,Savins,122-147-4149
Christy,Scandred,713-359-4832
Madelin,Scay,856-461-4496
Euphemia,Schimmang,688-372-4141
Charleen,Schimoni,321-869-0588
Morena,Schlagman,907-456-4625
Dominik,Schonfeld,276-930-5742
Amos,Schoular,504-213-1937
Renard,Schruurs,792-588-6908
Peyton,Scolland,545-136-2247
Roxana,Scolts,850-915-9316
Hanson,Sconce,698-656-6077
Hendrick,Scown,628-594-0060
Dorian,Scriver,106-688-4434
Catherine,Sculley,171-497-5998
Pippy,Scutter,840-220-4914
Hastie,Sedgmond,109-551-6736
Fields,Sent,486-957-6035
Forrester,Setterthwait,713-337-8619
Arlan,Shackleford,558-559-6390
Myrta,Shakespeare,201-485-9713
Desmund,Shakle,609-400-6250
Akim,Shears,671-204-3341
Olav,Sheivels,955-539-7932
Cy,Shiel,660-497-3104
Melitta,Shillitto,600-155-3191
Brett,Shoard,732-507-7268
Martainn,Shorten,850-612-3617
Roseline,Shortin,844-203-2891
Charo,Shortland,779-957-0546
Allyce,Shovell,596-853-1890
Rhianna,Shovelton,823-905-6836
Warde,Showell,253-818-8577
Brade,Shynn,325-327-8527
Sallee,Sibbe,649-618-1815
Claudette,Sidlow,752-690-0253
Reider,Sifleet,640-521-6320
Shaun,Signoret,970-426-5538
Ella,Silvers,844-182-4915
Bathsheba,Silverthorn,299-566-9771
Yasmin,Simkovitz,996-423-2565
Helena,Skeggs,519-646-9251
Radcliffe,Skep,182-544-5602
Lucille,Skettles,709-772-9188
Kathlin,Skullet,110-294-6963
Tedmund,Slator,172-876-9099
Baudoin,Smiley,720-958-4633
Phillida,Snalum,427-455-4228
Wallas,Snazel,373-108-7014
Biddie,Soame,109-182-0093
Ring,Solman,722-553-3772
Bartlett,Sothern,555-765-3806
Berkie,Souley,620-117-1035
Priscella,Southcombe,521-814-9160
Saunders,Sowden,909-580-3206
Ike,Sowray,689-778-7889
Odetta,Spafford,166-933-2190
Nerita,Sperski,277-927-7997
Joby,Sprackling,403-230-5672
Pietro,Spriddle,543-499-7375
Norbert,Standen,432-150-7910
Anders,Starmore,997-765-4903
Reinold,Stawell,505-945-4610
Trey,Steadman,337-504-1593
Karrah,Steanyng,773-747-7935
Randell,Stenton,275-580-2512
Daisi,Stevenson,830-415-7256
Irene,Stichall,213-457-9928
Tirrell,Stidston,985-773-5255
Northrop,Stiff,592-563-7383
Artair,Stillgoe,112-218-2223
Sapphire,Stollard,850-884-8859
Debi,Stolli,561-966-9461
Honey,Stollwerck,555-874-7868
Pearline,Stone,728-431-2274
Luce,Stormonth,269-873-7101
Angelique,Storres,420-816-5528
Babb,Sudron,208-366-0354
Catrina,Sugg,958-869-2737
Wynn,Sullens,389-867-9387
Muffin,Sunock,983-379-5893
Trudy,Surguine,854-402-4728
Marabel,Swains,983-763-8813
Worthy,Swatman,327-859-2561
Fae,Switzer,449-308-9218
Sibella,Swoffer,529-641-6315
Kayle,Syalvester,407-940-1421
Janifer,Syne,227-510-1628
Ricardo,Syred,781-734-6733
Bernadine,Szwandt,759-665-4631
Marshall,Taffrey,962-960-5688
Lanae,Taillard,135-223-9228
Alwyn,Tankin,491-846-7900
Dorette,Tapson,801-604-8851
Bryn,Tarbatt,291-167-4992
Ellissa,Tattershaw,759-462-5813
Rena,Taye,606-502-8950
Alfy,Teal,679-182-5239
Jennine,Teaze,696-834-0035
Homer,Thames,364-487-3411
Winifred,Theseira,950-279-5068
Kyrstin,Thomann,509-726-1693
Christy,Thynne,353-935-6134
Jilly,Tichner,621-961-1619
Dalenna,Tiernan,756-404-4574
Anya,Timblett,314-374-1287
Angie,Timmons,121-898-3440
Tim,Tindall,554-971-4101
Denni,Tire,449-424-2356
Jillian,Tittershill,370-921-5955
Loleta,Tittletross,946-669-3318
Cinnamon,Tomankowski,178-224-2489
Meridel,Tomsa,911-546-3751
Vilma,Topley,804-398-8211
Johnathan,Topper,873-490-5752
Pierette,Tottie,118-517-7614
Kristo,Tower,100-115-1649
Blaine,Toyer,252-248-6981
Alexandrina,Traite,794-509-2138
Guillermo,Trembley,182-913-7633
Jo-anne,Trice,414-617-7099
Veronica,Trunby,201-507-9274
Ange,Trunchion,515-508-7744
Jessee,Trytsman,786-471-6527
Marja,Tuminini,291-713-2777
Elisha,Twopenny,679-719-7394
Alexi,Ughini,718-872-0404
Kellsie,Uwins,374-515-1261
Stanislaus,Valadez,152-363-3225
Clarey,Vamplew,806-479-1217
Hobey,Van den Bosch,575-557-4365
Berk,Van der Spohr,968-937-9362
Karine,Vasiliu,454-501-6826
Guido,Veldstra,182-243-0943
Nero,Vergine,571-295-2127
Elaina,Verick,603-671-7118
Juli,Verna,897-603-0797
Dre,Verner,129-227-3480
Prescott,Viegas,312-314-1775
Pavia,Wabersinke,722-636-8489
Nicolea,Waller-Bridge,733-492-3946
Vitia,Warmisham,178-440-4465
Tiffie,Warratt,665-194-5493
Zeke,Waterhous,844-930-5302
Emlynn,Watt,420-504-8235
Dosi,Wattam,810-455-5789
Dorelle,Weeke,281-494-5327
Wanda,Werendell,104-324-7300
Frank,Werndly,693-319-9512
Raffaello,Westmorland,364-238-6411
Mildrid,Westwood,302-401-9937
Elna,Whanstall,725-914-8289
Zane,Wheal,758-304-6739
Barnabe,Whellans,695-109-4400
Annamaria,Whieldon,216-946-0041
Rivkah,Whilder,409-472-9059
Arny,Whipp,148-446-8821
Babb,Whitehall,884-522-7806
Sawyere,Whitehouse,315-993-8310
Glynn,Whyley,272-775-6718
Megen,Wick,883-739-2100
Esra,Wickwarth,645-897-8436
Brook,Wilde,301-998-8800
Juliet,Wilflinger,520-335-9322
Sawyer,Wilton,986-330-7518
Henrietta,Winch,810-766-8243
Jobyna,Winfrey,226-139-3989
Jacquenetta,Winley,839-788-7274
Jamil,Winn,989-752-8653
Benny,Winslow,685-673-7417
Ruthi,Wipfler,610-208-6914
Kizzie,Wissby,599-432-9251
Selie,Wloch,180-602-1037
Calida,Wollers,648-240-5026
Gerta,Womack,637-555-0926
Cloe,Woodard,229-958-1937
Wendi,Wykey,432-208-7808
Alissa,Wyper,413-910-9964
Melony,Yakebovich,256-753-5591
Vivyan,Yarnton,918-550-7841
Nero,Yeend,732-638-1165
Eyde,Yeiles,106-169-6471
Hersch,Yeulet,653-744-5483
Celina,Zamudio,336-567-3390
Iver,Zanussii,920-845-4672
Othilie,Zavattieri,183-825-3190
